{"file":"tujiantuji.png","frames":{
"tujiantuji_04":{"x":90,"y":93,"w":89,"h":94,"offX":0,"offY":0,"sourceW":90,"sourceH":94},
"tujiantuji_05":{"x":89,"y":278,"w":90,"h":90,"offX":0,"offY":3,"sourceW":90,"sourceH":94},
"tujiantuji_06":{"x":0,"y":368,"w":90,"h":88,"offX":0,"offY":6,"sourceW":90,"sourceH":94},
"tujiantuji_03":{"x":0,"y":93,"w":90,"h":93,"offX":0,"offY":0,"sourceW":90,"sourceH":94},
"tujiantuji_02":{"x":0,"y":186,"w":89,"h":93,"offX":0,"offY":0,"sourceW":90,"sourceH":94},
"tujiantuji_01":{"x":90,"y":0,"w":90,"h":93,"offX":0,"offY":0,"sourceW":90,"sourceH":94},
"tujiantuji_07":{"x":89,"y":187,"w":90,"h":91,"offX":0,"offY":2,"sourceW":90,"sourceH":94},
"tujiantuji_08":{"x":0,"y":0,"w":90,"h":93,"offX":0,"offY":0,"sourceW":90,"sourceH":94}}}