{"file":"new_zjm.png","frames":{
"new_gqbg":{"x":319,"y":133,"w":111,"h":122,"offX":0,"offY":0,"sourceW":111,"sourceH":122},
"new_gqbtnclick":{"x":788,"y":228,"w":113,"h":69,"offX":0,"offY":0,"sourceW":113,"sourceH":69},
"new_gqbtnnormal":{"x":102,"y":228,"w":113,"h":69,"offX":0,"offY":0,"sourceW":113,"sourceH":69},
"new_gsgcbg":{"x":808,"y":1,"w":130,"h":126,"offX":0,"offY":0,"sourceW":130,"sourceH":135},
"new_gsgcbg2":{"x":77,"y":478,"w":108,"h":28,"offX":11,"offY":107,"sourceW":130,"sourceH":135},
"new_gsgcjindutiao":{"x":940,"y":1,"w":82,"h":82,"offX":24,"offY":39,"sourceW":130,"sourceH":135},
"new_jytdiwen":{"x":634,"y":177,"w":11,"h":95,"offX":0,"offY":0,"sourceW":11,"sourceH":95},
"new_jytjindutiao":{"x":778,"y":459,"w":133,"h":33,"offX":0,"offY":0,"sourceW":133,"sourceH":33},
"new_jytjindutiao2":{"x":940,"y":85,"w":7,"h":8,"offX":0,"offY":0,"sourceW":7,"sourceH":8},
"new_jytleft":{"x":436,"y":114,"w":66,"h":19,"offX":0,"offY":0,"sourceW":66,"sourceH":19},
"new_jytright":{"x":951,"y":131,"w":69,"h":19,"offX":0,"offY":0,"sourceW":69,"sourceH":19},
"new_sqzybg":{"x":808,"y":129,"w":141,"h":97,"offX":0,"offY":0,"sourceW":141,"sourceH":97},
"new_sqzybg2":{"x":712,"y":299,"w":140,"h":42,"offX":0,"offY":0,"sourceW":140,"sourceH":42},
"new_sqzybg3":{"x":506,"y":1,"w":168,"h":174,"offX":0,"offY":0,"sourceW":168,"sourceH":174},
"new_sqzybg4":{"x":951,"y":152,"w":65,"h":15,"offX":0,"offY":0,"sourceW":65,"sourceH":15},
"new_sqzybg5":{"x":903,"y":228,"w":113,"h":69,"offX":0,"offY":0,"sourceW":113,"sourceH":69},
"new_zjmback":{"x":307,"y":257,"w":86,"h":86,"offX":0,"offY":0,"sourceW":86,"sourceH":86},
"new_zjmbaoxiang":{"x":1,"y":365,"w":74,"h":77,"offX":0,"offY":0,"sourceW":74,"sourceH":77},
"new_zjmboss":{"x":550,"y":363,"w":74,"h":77,"offX":0,"offY":0,"sourceW":74,"sourceH":77},
"new_zjmbossbtn":{"x":533,"y":177,"w":99,"h":99,"offX":0,"offY":0,"sourceW":99,"sourceH":99},
"new_zjmclose":{"x":466,"y":135,"w":32,"h":33,"offX":0,"offY":0,"sourceW":32,"sourceH":33},
"new_zjmdianfengsaiji":{"x":307,"y":345,"w":74,"h":77,"offX":0,"offY":0,"sourceW":74,"sourceH":77},
"new_zjmdizuo":{"x":913,"y":459,"w":93,"h":37,"offX":0,"offY":0,"sourceW":93,"sourceH":37},
"new_zjmfuben":{"x":432,"y":177,"w":99,"h":99,"offX":0,"offY":0,"sourceW":99,"sourceH":99},
"new_zjmfuli":{"x":307,"y":424,"w":74,"h":77,"offX":0,"offY":0,"sourceW":74,"sourceH":77},
"new_zjmhanghui":{"x":556,"y":278,"w":77,"h":83,"offX":0,"offY":0,"sourceW":77,"sourceH":83},
"new_zjmhaoyou":{"x":436,"y":66,"w":44,"h":46,"offX":0,"offY":0,"sourceW":44,"sourceH":46},
"new_zjmheadbg":{"x":676,"y":1,"w":130,"h":173,"offX":0,"offY":0,"sourceW":130,"sourceH":173},
"new_zjmheaddiwen":{"x":482,"y":66,"w":18,"h":26,"offX":0,"offY":0,"sourceW":18,"sourceH":26},
"new_zjmheadzhanlibg":{"x":102,"y":182,"w":211,"h":44,"offX":0,"offY":0,"sourceW":211,"sourceH":44},
"new_zjmhefuhuodong":{"x":940,"y":380,"w":74,"h":77,"offX":0,"offY":0,"sourceW":74,"sourceH":77},
"new_zjmhuichengclick":{"x":1,"y":444,"w":74,"h":74,"offX":0,"offY":0,"sourceW":74,"sourceH":74},
"new_zjmhuichengnormal":{"x":535,"y":442,"w":74,"h":74,"offX":0,"offY":0,"sourceW":74,"sourceH":74},
"new_zjmhuodong":{"x":864,"y":380,"w":74,"h":77,"offX":0,"offY":0,"sourceW":74,"sourceH":77},
"new_zjmjheaddiwen2":{"x":1,"y":133,"w":316,"h":47,"offX":0,"offY":0,"sourceW":316,"sourceH":47},
"new_zjmjingji":{"x":1,"y":182,"w":99,"h":99,"offX":0,"offY":0,"sourceW":99,"sourceH":99},
"new_zjmjiqingpaodian":{"x":626,"y":367,"w":74,"h":77,"offX":0,"offY":0,"sourceW":74,"sourceH":77},
"new_zjmkaifu":{"x":383,"y":367,"w":74,"h":77,"offX":0,"offY":0,"sourceW":74,"sourceH":77},
"new_zjmlibao":{"x":474,"y":361,"w":74,"h":77,"offX":0,"offY":0,"sourceW":74,"sourceH":77},
"new_zjmlieyanjiezhi":{"x":712,"y":343,"w":74,"h":77,"offX":0,"offY":0,"sourceW":74,"sourceH":77},
"new_zjmlingquabi":{"x":931,"y":299,"w":74,"h":79,"offX":0,"offY":0,"sourceW":74,"sourceH":79},
"new_zjmmeirilibao":{"x":153,"y":399,"w":74,"h":77,"offX":0,"offY":0,"sourceW":74,"sourceH":77},
"new_zjmmeirishouchong":{"x":231,"y":398,"w":74,"h":77,"offX":0,"offY":0,"sourceW":74,"sourceH":77},
"new_zjmopen":{"x":432,"y":135,"w":32,"h":33,"offX":0,"offY":0,"sourceW":32,"sourceH":33},
"new_zjmpaihang":{"x":77,"y":380,"w":74,"h":77,"offX":0,"offY":0,"sourceW":74,"sourceH":77},
"new_zjmpaimai":{"x":788,"y":379,"w":74,"h":77,"offX":0,"offY":0,"sourceW":74,"sourceH":77},
"new_zjmrenwu2":{"x":1,"y":1,"w":503,"h":63,"offX":0,"offY":0,"sourceW":503,"sourceH":63},
"new_zjmrewu1":{"x":1,"y":66,"w":433,"h":65,"offX":0,"offY":0,"sourceW":433,"sourceH":65},
"new_zjmshangcheng":{"x":474,"y":278,"w":80,"h":81,"offX":0,"offY":0,"sourceW":80,"sourceH":81},
"new_zjmshenbing":{"x":155,"y":318,"w":74,"h":79,"offX":0,"offY":0,"sourceW":74,"sourceH":79},
"new_zjmxuezhan":{"x":231,"y":318,"w":74,"h":78,"offX":0,"offY":0,"sourceW":74,"sourceH":78},
"new_zjmxunbao":{"x":459,"y":440,"w":74,"h":76,"offX":0,"offY":0,"sourceW":74,"sourceH":76},
"new_zjmyoujiang":{"x":951,"y":85,"w":43,"h":44,"offX":0,"offY":0,"sourceW":43,"sourceH":44},
"new_zjmyueka":{"x":702,"y":422,"w":74,"h":77,"offX":0,"offY":0,"sourceW":74,"sourceH":77},
"new_gnbeibao":{"x":1,"y":283,"w":75,"h":80,"offX":0,"offY":0,"sourceW":75,"sourceH":80},
"new_gnduanzao":{"x":395,"y":278,"w":77,"h":87,"offX":0,"offY":0,"sourceW":77,"sourceH":87},
"new_gnjineng":{"x":854,"y":299,"w":75,"h":78,"offX":0,"offY":0,"sourceW":75,"sourceH":78},
"new_gnjuese":{"x":78,"y":299,"w":75,"h":79,"offX":0,"offY":0,"sourceW":75,"sourceH":79},
"new_gnlilian":{"x":635,"y":285,"w":75,"h":80,"offX":0,"offY":0,"sourceW":75,"sourceH":80},
"new_gnrightbtn":{"x":676,"y":176,"w":110,"h":107,"offX":0,"offY":0,"sourceW":110,"sourceH":107},
"new_gnxuanzhong":{"x":217,"y":228,"w":88,"h":88,"offX":0,"offY":0,"sourceW":88,"sourceH":88}}}