{"file":"num.png","frames":{
"28_png":{"x":81,"y":430,"w":13,"h":17,"offX":1,"offY":0,"sourceW":15,"sourceH":17},
"vip_v2_png":{"x":245,"y":194,"w":18,"h":21,"offX":2,"offY":2,"sourceW":20,"sourceH":25},
"11_png":{"x":80,"y":351,"w":25,"h":37,"offX":3,"offY":3,"sourceW":32,"sourceH":44},
"j25_png":{"x":476,"y":313,"w":28,"h":38,"offX":3,"offY":3,"sourceW":32,"sourceH":44},
"j0b_png":{"x":0,"y":72,"w":97,"h":73,"offX":0,"offY":1,"sourceW":97,"sourceH":74},
"j27_png":{"x":84,"y":314,"w":28,"h":37,"offX":3,"offY":3,"sourceW":32,"sourceH":44},
"ng08_png":{"x":82,"y":194,"w":33,"h":45,"offX":0,"offY":0,"sourceW":33,"sourceH":45},
"xvip_44_png":{"x":106,"y":409,"w":15,"h":20,"offX":0,"offY":1,"sourceW":15,"sourceH":21},
"yuezhizun_png":{"x":252,"y":361,"w":27,"h":27,"offX":4,"offY":6,"sourceW":34,"sourceH":39},
"27_png":{"x":455,"y":430,"w":13,"h":16,"offX":1,"offY":1,"sourceW":15,"sourceH":17},
"vipv_png":{"x":32,"y":224,"w":32,"h":36,"offX":1,"offY":1,"sourceW":34,"sourceH":39},
"j02_png":{"x":473,"y":53,"w":35,"h":47,"offX":1,"offY":13,"sourceW":37,"sourceH":74},
"lvk_7_png":{"x":136,"y":410,"w":11,"h":17,"offX":2,"offY":1,"sourceW":14,"sourceH":19},
"81_png":{"x":348,"y":262,"w":15,"h":27,"offX":5,"offY":3,"sourceW":24,"sourceH":32},
"r0+_png":{"x":331,"y":373,"w":24,"h":24,"offX":0,"offY":4,"sourceW":24,"sourceH":32},
"g33_png":{"x":192,"y":423,"w":14,"h":20,"offX":1,"offY":1,"sourceW":16,"sourceH":22},
"g3j_png":{"x":424,"y":238,"w":52,"h":24,"offX":0,"offY":0,"sourceW":52,"sourceH":24},
"g38_png":{"x":15,"y":422,"w":14,"h":20,"offX":1,"offY":1,"sourceW":16,"sourceH":22},
"g00_png":{"x":306,"y":369,"w":25,"h":29,"offX":3,"offY":1,"sourceW":30,"sourceH":33},
"j0s_png":{"x":32,"y":194,"w":50,"h":30,"offX":0,"offY":0,"sourceW":50,"sourceH":30},
"g34_png":{"x":0,"y":415,"w":15,"h":19,"offX":0,"offY":1,"sourceW":16,"sourceH":22},
"1-_png":{"x":355,"y":373,"w":18,"h":10,"offX":7,"offY":20,"sourceW":32,"sourceH":44},
"xvip_43_png":{"x":238,"y":415,"w":14,"h":20,"offX":1,"offY":1,"sourceW":15,"sourceH":21},
"j30_png":{"x":348,"y":297,"w":28,"h":38,"offX":2,"offY":3,"sourceW":32,"sourceH":44},
"lvk_3_png":{"x":29,"y":435,"w":12,"h":17,"offX":1,"offY":1,"sourceW":14,"sourceH":19},
"ng02_png":{"x":148,"y":194,"w":33,"h":44,"offX":0,"offY":0,"sourceW":33,"sourceH":45},
"g30_png":{"x":39,"y":415,"w":14,"h":20,"offX":1,"offY":1,"sourceW":16,"sourceH":22},
"r08_png":{"x":49,"y":388,"w":20,"h":27,"offX":3,"offY":3,"sourceW":24,"sourceH":32},
"g08_png":{"x":160,"y":351,"w":27,"h":31,"offX":3,"offY":1,"sourceW":30,"sourceH":33},
"g36_png":{"x":365,"y":410,"w":15,"h":20,"offX":1,"offY":1,"sourceW":16,"sourceH":22},
"g01_png":{"x":492,"y":100,"w":20,"h":32,"offX":7,"offY":1,"sourceW":30,"sourceH":33},
"j11_png":{"x":403,"y":338,"w":25,"h":37,"offX":3,"offY":3,"sourceW":32,"sourceH":44},
"36_png":{"x":234,"y":295,"w":28,"h":38,"offX":3,"offY":3,"sourceW":32,"sourceH":44},
"j09_png":{"x":198,"y":147,"w":33,"h":47,"offX":2,"offY":13,"sourceW":37,"sourceH":74},
"g35_png":{"x":147,"y":409,"w":15,"h":20,"offX":1,"offY":1,"sourceW":16,"sourceH":22},
"ng06_png":{"x":392,"y":194,"w":32,"h":45,"offX":0,"offY":0,"sourceW":33,"sourceH":45},
"lvk_5_png":{"x":41,"y":435,"w":12,"h":17,"offX":1,"offY":1,"sourceW":14,"sourceH":19},
"3+_png":{"x":279,"y":369,"w":27,"h":27,"offX":3,"offY":11,"sourceW":32,"sourceH":44},
"88_png":{"x":355,"y":383,"w":20,"h":27,"offX":3,"offY":3,"sourceW":24,"sourceH":32},
"22_png":{"x":149,"y":429,"w":13,"h":17,"offX":1,"offY":0,"sourceW":15,"sourceH":17},
"j24_png":{"x":148,"y":238,"w":29,"h":37,"offX":1,"offY":3,"sourceW":32,"sourceH":44},
"j51_png":{"x":306,"y":215,"w":29,"h":47,"offX":4,"offY":13,"sourceW":37,"sourceH":74},
"j0h_png":{"x":0,"y":0,"w":117,"h":72,"offX":1,"offY":0,"sourceW":120,"sourceH":74},
"j22_png":{"x":392,"y":239,"w":29,"h":37,"offX":2,"offY":3,"sourceW":32,"sourceH":44},
"j33_png":{"x":225,"y":333,"w":27,"h":38,"offX":3,"offY":3,"sourceW":32,"sourceH":44},
"j38_png":{"x":0,"y":276,"w":28,"h":38,"offX":2,"offY":3,"sourceW":32,"sourceH":44},
"j48_png":{"x":132,"y":147,"w":33,"h":47,"offX":2,"offY":13,"sourceW":37,"sourceH":74},
"ng09_png":{"x":213,"y":194,"w":32,"h":45,"offX":1,"offY":0,"sourceW":33,"sourceH":45},
"j01_png":{"x":335,"y":215,"w":29,"h":47,"offX":4,"offY":13,"sourceW":37,"sourceH":74},
"j03_png":{"x":454,"y":147,"w":32,"h":47,"offX":3,"offY":13,"sourceW":37,"sourceH":74},
"lvk_1_png":{"x":214,"y":352,"w":11,"h":17,"offX":2,"offY":1,"sourceW":14,"sourceH":19},
"25_png":{"x":175,"y":429,"w":13,"h":17,"offX":1,"offY":0,"sourceW":15,"sourceH":17},
"zv07_png":{"x":119,"y":430,"w":14,"h":15,"offX":1,"offY":2,"sourceW":17,"sourceH":19},
"g32_png":{"x":380,"y":410,"w":15,"h":19,"offX":1,"offY":1,"sourceW":16,"sourceH":22},
"xvip_45_png":{"x":329,"y":422,"w":14,"h":20,"offX":1,"offY":1,"sourceW":15,"sourceH":21},
"lvk_6_png":{"x":493,"y":430,"w":12,"h":17,"offX":1,"offY":1,"sourceW":14,"sourceH":19},
"ng05_png":{"x":457,"y":194,"w":32,"h":44,"offX":1,"offY":1,"sourceW":33,"sourceH":45},
"zv08_png":{"x":235,"y":435,"w":13,"h":15,"offX":2,"offY":2,"sourceW":17,"sourceH":19},
"lv_6_png":{"x":221,"y":420,"w":14,"h":20,"offX":0,"offY":2,"sourceW":15,"sourceH":24},
"zv02_png":{"x":343,"y":430,"w":14,"h":15,"offX":2,"offY":2,"sourceW":17,"sourceH":19},
"xvip_40_png":{"x":315,"y":398,"w":15,"h":21,"offX":0,"offY":0,"sourceW":15,"sourceH":21},
"j15_png":{"x":292,"y":262,"w":28,"h":38,"offX":3,"offY":3,"sourceW":32,"sourceH":44},
"xvip_46_png":{"x":53,"y":415,"w":14,"h":20,"offX":1,"offY":1,"sourceW":15,"sourceH":21},
"zv09_png":{"x":357,"y":430,"w":14,"h":15,"offX":1,"offY":2,"sourceW":17,"sourceH":19},
"32_png":{"x":476,"y":238,"w":29,"h":37,"offX":2,"offY":3,"sourceW":32,"sourceH":44},
"j26_png":{"x":364,"y":259,"w":28,"h":38,"offX":3,"offY":3,"sourceW":32,"sourceH":44},
"j58_png":{"x":99,"y":147,"w":33,"h":47,"offX":2,"offY":13,"sourceW":37,"sourceH":74},
"xvip_42_png":{"x":162,"y":409,"w":15,"h":20,"offX":0,"offY":1,"sourceW":15,"sourceH":21},
"j55_png":{"x":66,"y":147,"w":33,"h":47,"offX":2,"offY":13,"sourceW":37,"sourceH":74},
"g31_png":{"x":395,"y":427,"w":13,"h":19,"offX":1,"offY":1,"sourceW":16,"sourceH":22},
"j20_png":{"x":420,"y":300,"w":28,"h":38,"offX":2,"offY":3,"sourceW":32,"sourceH":44},
"38_png":{"x":318,"y":300,"w":28,"h":38,"offX":2,"offY":3,"sourceW":32,"sourceH":44},
"g3+_png":{"x":53,"y":435,"w":14,"h":14,"offX":1,"offY":5,"sourceW":16,"sourceH":22},
"j45_png":{"x":33,"y":145,"w":33,"h":47,"offX":2,"offY":13,"sourceW":37,"sourceH":74},
"j21_png":{"x":55,"y":351,"w":25,"h":37,"offX":3,"offY":3,"sourceW":32,"sourceH":44},
"ng04_png":{"x":424,"y":194,"w":33,"h":43,"offX":0,"offY":1,"sourceW":33,"sourceH":45},
"j34_png":{"x":93,"y":239,"w":29,"h":37,"offX":1,"offY":3,"sourceW":32,"sourceH":44},
"17_png":{"x":170,"y":314,"w":28,"h":37,"offX":3,"offY":3,"sourceW":32,"sourceH":44},
"g39_png":{"x":206,"y":423,"w":14,"h":20,"offX":1,"offY":1,"sourceW":16,"sourceH":22},
"xvip_47_png":{"x":177,"y":409,"w":15,"h":20,"offX":0,"offY":1,"sourceW":15,"sourceH":21},
"j13_png":{"x":198,"y":314,"w":27,"h":38,"offX":3,"offY":3,"sourceW":32,"sourceH":44},
"vip_v4_png":{"x":264,"y":147,"w":18,"h":21,"offX":1,"offY":2,"sourceW":20,"sourceH":25},
"lvk_9_png":{"x":481,"y":430,"w":12,"h":17,"offX":1,"offY":1,"sourceW":14,"sourceH":19},
"23_png":{"x":162,"y":429,"w":13,"h":17,"offX":1,"offY":0,"sourceW":15,"sourceH":17},
"r0-_png":{"x":449,"y":372,"w":18,"h":6,"offX":3,"offY":14,"sourceW":24,"sourceH":32},
"j52_png":{"x":289,"y":74,"w":35,"h":47,"offX":1,"offY":13,"sourceW":37,"sourceH":74},
"j3-_png":{"x":428,"y":338,"w":18,"h":10,"offX":7,"offY":20,"sourceW":32,"sourceH":44},
"lv_2_png":{"x":287,"y":423,"w":14,"h":19,"offX":1,"offY":2,"sourceW":15,"sourceH":24},
"83_png":{"x":449,"y":381,"w":21,"h":27,"offX":1,"offY":3,"sourceW":24,"sourceH":32},
"lv_9_png":{"x":147,"y":383,"w":13,"h":20,"offX":2,"offY":2,"sourceW":15,"sourceH":24},
"vip_v3_png":{"x":221,"y":398,"w":17,"h":22,"offX":2,"offY":2,"sourceW":20,"sourceH":25},
"j5d_png":{"x":224,"y":0,"w":107,"h":74,"offX":0,"offY":0,"sourceW":107,"sourceH":74},
"g04_png":{"x":133,"y":351,"w":27,"h":32,"offX":3,"offY":0,"sourceW":30,"sourceH":33},
"r02_png":{"x":489,"y":184,"w":22,"h":27,"offX":1,"offY":3,"sourceW":24,"sourceH":32},
"j39_png":{"x":178,"y":276,"w":28,"h":38,"offX":2,"offY":3,"sourceW":32,"sourceH":44},
"lv_1_png":{"x":426,"y":74,"w":11,"h":19,"offX":2,"offY":2,"sourceW":15,"sourceH":24},
"j40_png":{"x":355,"y":121,"w":33,"h":47,"offX":2,"offY":13,"sourceW":37,"sourceH":74},
"g03_png":{"x":467,"y":351,"w":27,"h":30,"offX":3,"offY":1,"sourceW":30,"sourceH":33},
"r09_png":{"x":238,"y":388,"w":20,"h":27,"offX":3,"offY":3,"sourceW":24,"sourceH":32},
"vip_v1_png":{"x":89,"y":388,"w":16,"h":21,"offX":2,"offY":2,"sourceW":20,"sourceH":25},
"10_png":{"x":86,"y":276,"w":28,"h":38,"offX":2,"offY":3,"sourceW":32,"sourceH":44},
"ng01_png":{"x":364,"y":215,"w":28,"h":44,"offX":3,"offY":0,"sourceW":33,"sourceH":45},
"j12_png":{"x":206,"y":239,"w":29,"h":37,"offX":2,"offY":3,"sourceW":32,"sourceH":44},
"g02_png":{"x":187,"y":352,"w":27,"h":30,"offX":2,"offY":1,"sourceW":30,"sourceH":33},
"8+_png":{"x":25,"y":373,"w":24,"h":24,"offX":0,"offY":4,"sourceW":24,"sourceH":32},
"zv00_png":{"x":64,"y":224,"w":14,"h":15,"offX":1,"offY":2,"sourceW":17,"sourceH":19},
"j42_png":{"x":438,"y":53,"w":35,"h":47,"offX":1,"offY":13,"sourceW":37,"sourceH":74},
"j56_png":{"x":328,"y":168,"w":32,"h":47,"offX":3,"offY":13,"sourceW":37,"sourceH":74},
"r05_png":{"x":323,"y":338,"w":21,"h":28,"offX":2,"offY":2,"sourceW":24,"sourceH":32},
"ng00_png":{"x":115,"y":194,"w":33,"h":45,"offX":0,"offY":0,"sourceW":33,"sourceH":45},
"r04_png":{"x":126,"y":383,"w":21,"h":27,"offX":2,"offY":3,"sourceW":24,"sourceH":32},
"j18_png":{"x":320,"y":262,"w":28,"h":38,"offX":2,"offY":3,"sourceW":32,"sourceH":44},
"15_png":{"x":264,"y":262,"w":28,"h":38,"offX":3,"offY":3,"sourceW":32,"sourceH":44},
"12_png":{"x":29,"y":260,"w":29,"h":37,"offX":2,"offY":3,"sourceW":32,"sourceH":44},
"j05_png":{"x":289,"y":121,"w":33,"h":47,"offX":2,"offY":13,"sourceW":37,"sourceH":74},
"j53_png":{"x":264,"y":168,"w":32,"h":47,"offX":3,"offY":13,"sourceW":37,"sourceH":74},
"lv_4_png":{"x":106,"y":429,"w":13,"h":19,"offX":1,"offY":2,"sourceW":15,"sourceH":24},
"xvip_v2_png":{"x":428,"y":351,"w":39,"h":21,"offX":0,"offY":0,"sourceW":39,"sourceH":21},
"80_png":{"x":181,"y":382,"w":21,"h":27,"offX":2,"offY":3,"sourceW":24,"sourceH":32},
"zv03_png":{"x":427,"y":430,"w":14,"h":15,"offX":1,"offY":2,"sourceW":17,"sourceH":19},
"r06_png":{"x":375,"y":383,"w":20,"h":27,"offX":3,"offY":3,"sourceW":24,"sourceH":32},
"yueka_png":{"x":214,"y":371,"w":24,"h":27,"offX":5,"offY":7,"sourceW":34,"sourceH":39},
"vip_v6_png":{"x":403,"y":314,"w":17,"h":22,"offX":2,"offY":2,"sourceW":20,"sourceH":25},
"vip_v8_png":{"x":455,"y":408,"w":18,"h":22,"offX":2,"offY":2,"sourceW":20,"sourceH":25},
"j0d_png":{"x":117,"y":0,"w":107,"h":74,"offX":0,"offY":0,"sourceW":107,"sourceH":74},
"j17_png":{"x":56,"y":314,"w":28,"h":37,"offX":3,"offY":3,"sourceW":32,"sourceH":44},
"20_png":{"x":376,"y":297,"w":15,"h":17,"offX":0,"offY":0,"sourceW":15,"sourceH":17},
"j54_png":{"x":358,"y":74,"w":34,"h":47,"offX":2,"offY":13,"sourceW":37,"sourceH":74},
"14_png":{"x":235,"y":258,"w":29,"h":37,"offX":1,"offY":3,"sourceW":32,"sourceH":44},
"30_png":{"x":206,"y":276,"w":28,"h":38,"offX":2,"offY":3,"sourceW":32,"sourceH":44},
"24_png":{"x":468,"y":430,"w":13,"h":16,"offX":1,"offY":1,"sourceW":15,"sourceH":17},
"21_png":{"x":235,"y":239,"w":10,"h":17,"offX":3,"offY":0,"sourceW":15,"sourceH":17},
"82_png":{"x":489,"y":211,"w":22,"h":27,"offX":1,"offY":3,"sourceW":24,"sourceH":32},
"j32_png":{"x":177,"y":239,"w":29,"h":37,"offX":2,"offY":3,"sourceW":32,"sourceH":44},
"j00_png":{"x":421,"y":147,"w":33,"h":47,"offX":2,"offY":13,"sourceW":37,"sourceH":74},
"j10_png":{"x":477,"y":275,"w":28,"h":38,"offX":2,"offY":3,"sourceW":32,"sourceH":44},
"j4b_png":{"x":193,"y":74,"w":96,"h":73,"offX":0,"offY":1,"sourceW":97,"sourceH":74},
"zv05_png":{"x":441,"y":430,"w":14,"h":15,"offX":1,"offY":2,"sourceW":17,"sourceH":19},
"29_png":{"x":238,"y":371,"w":13,"h":17,"offX":1,"offY":0,"sourceW":15,"sourceH":17},
"j46_png":{"x":360,"y":168,"w":32,"h":47,"offX":3,"offY":13,"sourceW":37,"sourceH":74},
"16_png":{"x":421,"y":262,"w":28,"h":38,"offX":3,"offY":3,"sourceW":32,"sourceH":44},
"j23_png":{"x":376,"y":314,"w":27,"h":38,"offX":3,"offY":3,"sourceW":32,"sourceH":44},
"lvk_8_png":{"x":252,"y":432,"w":12,"h":17,"offX":1,"offY":1,"sourceW":14,"sourceH":19},
"8-_png":{"x":282,"y":442,"w":19,"h":6,"offX":3,"offY":14,"sourceW":24,"sourceH":32},
"j43_png":{"x":296,"y":168,"w":32,"h":47,"offX":3,"offY":13,"sourceW":37,"sourceH":74},
"zv01_png":{"x":225,"y":314,"w":9,"h":15,"offX":1,"offY":2,"sourceW":17,"sourceH":19},
"r07_png":{"x":160,"y":382,"w":21,"h":27,"offX":2,"offY":3,"sourceW":24,"sourceH":32},
"39_png":{"x":114,"y":313,"w":28,"h":38,"offX":2,"offY":3,"sourceW":32,"sourceH":44},
"xvip_48_png":{"x":350,"y":410,"w":15,"h":20,"offX":0,"offY":1,"sourceW":15,"sourceH":21},
"j28_png":{"x":290,"y":300,"w":28,"h":38,"offX":2,"offY":3,"sourceW":32,"sourceH":44},
"ng07_png":{"x":245,"y":215,"w":32,"h":43,"offX":1,"offY":1,"sourceW":33,"sourceH":45},
"34_png":{"x":0,"y":239,"w":29,"h":37,"offX":1,"offY":3,"sourceW":32,"sourceH":44},
"j4d_png":{"x":331,"y":0,"w":107,"h":74,"offX":0,"offY":0,"sourceW":107,"sourceH":74},
"r01_png":{"x":496,"y":0,"w":15,"h":27,"offX":5,"offY":3,"sourceW":24,"sourceH":32},
"g07_png":{"x":373,"y":352,"w":24,"h":31,"offX":4,"offY":1,"sourceW":30,"sourceH":33},
"j1-_png":{"x":264,"y":441,"w":18,"h":10,"offX":7,"offY":20,"sourceW":32,"sourceH":44},
"lv_3_png":{"x":315,"y":419,"w":14,"h":20,"offX":1,"offY":2,"sourceW":15,"sourceH":24},
"89_png":{"x":69,"y":388,"w":20,"h":27,"offX":3,"offY":3,"sourceW":24,"sourceH":32},
"r00_png":{"x":470,"y":381,"w":21,"h":27,"offX":2,"offY":3,"sourceW":24,"sourceH":32},
"37_png":{"x":142,"y":314,"w":28,"h":37,"offX":3,"offY":3,"sourceW":32,"sourceH":44},
"j36_png":{"x":150,"y":276,"w":28,"h":38,"offX":3,"offY":3,"sourceW":32,"sourceH":44},
"g06_png":{"x":105,"y":351,"w":28,"h":31,"offX":2,"offY":0,"sourceW":30,"sourceH":33},
"g37_png":{"x":258,"y":413,"w":15,"h":19,"offX":1,"offY":1,"sourceW":16,"sourceH":22},
"j04_png":{"x":324,"y":74,"w":34,"h":47,"offX":2,"offY":13,"sourceW":37,"sourceH":74},
"vip_v0_png":{"x":437,"y":408,"w":18,"h":22,"offX":1,"offY":2,"sourceW":20,"sourceH":25},
"j41_png":{"x":277,"y":215,"w":29,"h":47,"offX":4,"offY":13,"sourceW":37,"sourceH":74},
"vip_v5_png":{"x":491,"y":408,"w":17,"h":22,"offX":2,"offY":2,"sourceW":20,"sourceH":25},
"g05_png":{"x":293,"y":338,"w":30,"h":31,"offX":0,"offY":0,"sourceW":30,"sourceH":33},
"lvk_2_png":{"x":94,"y":430,"w":12,"h":17,"offX":1,"offY":1,"sourceW":14,"sourceH":19},
"2+_png":{"x":220,"y":440,"w":13,"h":13,"offX":1,"offY":0,"sourceW":14,"sourceH":13},
"13_png":{"x":346,"y":335,"w":27,"h":38,"offX":3,"offY":3,"sourceW":32,"sourceH":44},
"lvk_4_png":{"x":136,"y":429,"w":13,"h":18,"offX":1,"offY":0,"sourceW":14,"sourceH":19},
"xvip_49_png":{"x":121,"y":410,"w":15,"h":20,"offX":0,"offY":1,"sourceW":15,"sourceH":21},
"2-_png":{"x":426,"y":93,"w":10,"h":7,"offX":3,"offY":3,"sourceW":14,"sourceH":13},
"19_png":{"x":122,"y":275,"w":28,"h":38,"offX":2,"offY":3,"sourceW":32,"sourceH":44},
"j37_png":{"x":0,"y":314,"w":28,"h":37,"offX":3,"offY":3,"sourceW":32,"sourceH":44},
"j59_png":{"x":388,"y":121,"w":33,"h":47,"offX":2,"offY":13,"sourceW":37,"sourceH":74},
"vip_v7_png":{"x":89,"y":409,"w":17,"h":21,"offX":2,"offY":2,"sourceW":20,"sourceH":25},
"ng03_png":{"x":181,"y":194,"w":32,"h":45,"offX":1,"offY":0,"sourceW":33,"sourceH":45},
"j50_png":{"x":322,"y":121,"w":33,"h":47,"offX":2,"offY":13,"sourceW":37,"sourceH":74},
"j16_png":{"x":392,"y":276,"w":28,"h":38,"offX":3,"offY":3,"sourceW":32,"sourceH":44},
"vipvip_png":{"x":252,"y":338,"w":41,"h":23,"offX":0,"offY":0,"sourceW":41,"sourceH":23},
"87_png":{"x":491,"y":381,"w":21,"h":27,"offX":2,"offY":3,"sourceW":24,"sourceH":32},
"lv_7_png":{"x":414,"y":425,"w":13,"h":19,"offX":2,"offY":2,"sourceW":15,"sourceH":24},
"zv06_png":{"x":67,"y":435,"w":13,"h":15,"offX":2,"offY":2,"sourceW":17,"sourceH":19},
"j44_png":{"x":392,"y":74,"w":34,"h":47,"offX":2,"offY":13,"sourceW":37,"sourceH":74},
"j14_png":{"x":64,"y":239,"w":29,"h":37,"offX":1,"offY":3,"sourceW":32,"sourceH":44},
"j19_png":{"x":448,"y":313,"w":28,"h":38,"offX":2,"offY":3,"sourceW":32,"sourceH":44},
"26_png":{"x":380,"y":429,"w":13,"h":17,"offX":1,"offY":0,"sourceW":15,"sourceH":17},
"84_png":{"x":105,"y":382,"w":21,"h":27,"offX":2,"offY":3,"sourceW":24,"sourceH":32},
"j29_png":{"x":262,"y":300,"w":28,"h":38,"offX":2,"offY":3,"sourceW":32,"sourceH":44},
"g09_png":{"x":122,"y":239,"w":25,"h":32,"offX":4,"offY":0,"sourceW":30,"sourceH":33},
"33_png":{"x":28,"y":335,"w":27,"h":38,"offX":3,"offY":3,"sourceW":32,"sourceH":44},
"lvk_0_png":{"x":0,"y":434,"w":12,"h":17,"offX":1,"offY":1,"sourceW":14,"sourceH":19},
"j06_png":{"x":0,"y":192,"w":32,"h":47,"offX":3,"offY":13,"sourceW":37,"sourceH":74},
"j49_png":{"x":426,"y":100,"w":33,"h":47,"offX":2,"offY":13,"sourceW":37,"sourceH":74},
"xvip_41_png":{"x":418,"y":375,"w":10,"h":20,"offX":1,"offY":1,"sourceW":15,"sourceH":21},
"86_png":{"x":0,"y":388,"w":20,"h":27,"offX":3,"offY":3,"sourceW":24,"sourceH":32},
"j35_png":{"x":449,"y":275,"w":28,"h":38,"offX":3,"offY":3,"sourceW":32,"sourceH":44},
"zv04_png":{"x":492,"y":132,"w":15,"h":15,"offX":0,"offY":2,"sourceW":17,"sourceH":19},
"vip_v9_png":{"x":473,"y":408,"w":18,"h":22,"offX":1,"offY":2,"sourceW":20,"sourceH":25},
"j2-_png":{"x":449,"y":262,"w":18,"h":10,"offX":7,"offY":20,"sourceW":32,"sourceH":44},
"31_png":{"x":0,"y":351,"w":25,"h":37,"offX":3,"offY":3,"sourceW":32,"sourceH":44},
"j5b_png":{"x":97,"y":74,"w":96,"h":73,"offX":0,"offY":1,"sourceW":97,"sourceH":74},
"35_png":{"x":58,"y":276,"w":28,"h":38,"offX":3,"offY":3,"sourceW":32,"sourceH":44},
"r03_png":{"x":397,"y":375,"w":21,"h":27,"offX":1,"offY":3,"sourceW":24,"sourceH":32},
"lv_+_png":{"x":315,"y":439,"w":13,"h":14,"offX":1,"offY":6,"sourceW":15,"sourceH":24},
"j57_png":{"x":165,"y":147,"w":33,"h":47,"offX":3,"offY":13,"sourceW":37,"sourceH":74},
"lv_0_png":{"x":301,"y":423,"w":14,"h":19,"offX":1,"offY":2,"sourceW":15,"sourceH":24},
"18_png":{"x":28,"y":297,"w":28,"h":38,"offX":2,"offY":3,"sourceW":32,"sourceH":44},
"wydEffectIcon":{"x":438,"y":0,"w":58,"h":53,"offX":1,"offY":4,"sourceW":60,"sourceH":60},
"85_png":{"x":428,"y":372,"w":21,"h":28,"offX":2,"offY":2,"sourceW":24,"sourceH":32},
"j31_png":{"x":486,"y":147,"w":25,"h":37,"offX":3,"offY":3,"sourceW":32,"sourceH":44},
"lv_8_png":{"x":273,"y":421,"w":14,"h":20,"offX":1,"offY":2,"sourceW":15,"sourceH":24},
"g0+_png":{"x":392,"y":168,"w":24,"h":25,"offX":3,"offY":3,"sourceW":30,"sourceH":33},
"j08_png":{"x":459,"y":100,"w":33,"h":47,"offX":2,"offY":13,"sourceW":37,"sourceH":74},
"j07_png":{"x":231,"y":147,"w":33,"h":47,"offX":3,"offY":13,"sourceW":37,"sourceH":74},
"lv_5_png":{"x":67,"y":415,"w":14,"h":20,"offX":1,"offY":2,"sourceW":15,"sourceH":24},
"j47_png":{"x":0,"y":145,"w":33,"h":47,"offX":3,"offY":13,"sourceW":37,"sourceH":74},
"attr0_png":{"x":418,"y":400,"w":19,"h":25,"offX":3,"offY":0,"sourceW":26,"sourceH":25},
"attr1_png":{"x":496,"y":27,"w":16,"h":25,"offX":4,"offY":0,"sourceW":26,"sourceH":25},
"attr2_png":{"x":296,"y":398,"w":19,"h":25,"offX":3,"offY":0,"sourceW":26,"sourceH":25},
"attr3_png":{"x":202,"y":398,"w":19,"h":25,"offX":3,"offY":0,"sourceW":26,"sourceH":25},
"attr4_png":{"x":331,"y":397,"w":19,"h":25,"offX":3,"offY":0,"sourceW":26,"sourceH":25},
"attr5_png":{"x":20,"y":397,"w":19,"h":25,"offX":3,"offY":0,"sourceW":26,"sourceH":25},
"attr6_png":{"x":277,"y":396,"w":19,"h":25,"offX":3,"offY":0,"sourceW":26,"sourceH":25},
"attr7_png":{"x":258,"y":388,"w":19,"h":25,"offX":3,"offY":0,"sourceW":26,"sourceH":25},
"attr8_png":{"x":395,"y":402,"w":19,"h":25,"offX":3,"offY":0,"sourceW":26,"sourceH":25},
"attr9_png":{"x":494,"y":351,"w":18,"h":25,"offX":3,"offY":0,"sourceW":26,"sourceH":25}}}