{"file":"num_j9.png","frames":{
"j9b_png":{"x":0,"y":0,"w":82,"h":74,"offX":10,"offY":0,"sourceW":97,"sourceH":74},
"j90_png":{"x":157,"y":0,"w":33,"h":47,"offX":2,"offY":13,"sourceW":37,"sourceH":74},
"j91_png":{"x":187,"y":49,"w":29,"h":47,"offX":4,"offY":13,"sourceW":37,"sourceH":74},
"j92_png":{"x":84,"y":0,"w":35,"h":47,"offX":1,"offY":13,"sourceW":37,"sourceH":74},
"j93_png":{"x":119,"y":49,"w":32,"h":47,"offX":3,"offY":13,"sourceW":37,"sourceH":74},
"j94_png":{"x":121,"y":0,"w":34,"h":47,"offX":2,"offY":13,"sourceW":37,"sourceH":74},
"j95_png":{"x":84,"y":49,"w":33,"h":47,"offX":2,"offY":13,"sourceW":37,"sourceH":74},
"j96_png":{"x":153,"y":49,"w":32,"h":47,"offX":3,"offY":13,"sourceW":37,"sourceH":74},
"j97_png":{"x":0,"y":76,"w":33,"h":47,"offX":3,"offY":13,"sourceW":37,"sourceH":74},
"j98_png":{"x":35,"y":76,"w":33,"h":47,"offX":2,"offY":13,"sourceW":37,"sourceH":74},
"j99_png":{"x":192,"y":0,"w":33,"h":47,"offX":2,"offY":13,"sourceW":37,"sourceH":74}}}