{"file":"shuziji.png","frames":{
"jieji3_png":{"x":169,"y":1,"w":40,"h":66,"offX":0,"offY":0,"sourceW":40,"sourceH":66},
"jieji04_png":{"x":152,"y":69,"w":24,"h":15,"offX":2,"offY":9,"sourceW":28,"sourceH":30},
"jieji4_png":{"x":127,"y":1,"w":40,"h":66,"offX":0,"offY":0,"sourceW":40,"sourceH":66},
"jieji05_png":{"x":43,"y":205,"w":25,"h":23,"offX":0,"offY":4,"sourceW":28,"sourceH":30},
"jieji5_png":{"x":85,"y":137,"w":40,"h":66,"offX":0,"offY":0,"sourceW":40,"sourceH":66},
"jieji06_png":{"x":70,"y":205,"w":24,"h":23,"offX":1,"offY":4,"sourceW":28,"sourceH":30},
"jieji6_png":{"x":85,"y":69,"w":40,"h":66,"offX":0,"offY":0,"sourceW":40,"sourceH":66},
"jieji07_png":{"x":96,"y":227,"w":26,"h":19,"offX":1,"offY":6,"sourceW":28,"sourceH":30},
"jieji7_png":{"x":85,"y":1,"w":40,"h":66,"offX":0,"offY":0,"sourceW":40,"sourceH":66},
"jieji08_png":{"x":178,"y":69,"w":26,"h":11,"offX":0,"offY":10,"sourceW":28,"sourceH":30},
"jieji8_png":{"x":43,"y":137,"w":40,"h":66,"offX":0,"offY":0,"sourceW":40,"sourceH":66},
"jieji09_png":{"x":43,"y":230,"w":26,"h":22,"offX":1,"offY":4,"sourceW":28,"sourceH":30},
"jieji9_png":{"x":43,"y":69,"w":40,"h":66,"offX":0,"offY":0,"sourceW":40,"sourceH":66},
"jieji010_png":{"x":96,"y":205,"w":27,"h":20,"offX":0,"offY":6,"sourceW":28,"sourceH":30},
"jieji10_png":{"x":43,"y":1,"w":40,"h":66,"offX":0,"offY":0,"sourceW":40,"sourceH":66},
"jiejijie_png":{"x":211,"y":67,"w":28,"h":29,"offX":0,"offY":1,"sourceW":28,"sourceH":30},
"jiejikuang_png":{"x":211,"y":1,"w":38,"h":64,"offX":0,"offY":0,"sourceW":38,"sourceH":64},
"jieji01_png":{"x":178,"y":82,"w":25,"h":8,"offX":1,"offY":10,"sourceW":28,"sourceH":30},
"jieji1_png":{"x":1,"y":180,"w":40,"h":66,"offX":0,"offY":0,"sourceW":40,"sourceH":66},
"jieji02_png":{"x":124,"y":228,"w":26,"h":18,"offX":0,"offY":7,"sourceW":28,"sourceH":30},
"jieji2_png":{"x":1,"y":112,"w":40,"h":66,"offX":0,"offY":0,"sourceW":40,"sourceH":66},
"jieji03_png":{"x":125,"y":205,"w":25,"h":21,"offX":1,"offY":5,"sourceW":28,"sourceH":30},
"jiejikuang2_png":{"x":1,"y":1,"w":40,"h":109,"offX":0,"offY":0,"sourceW":40,"sourceH":109}}}