{"file":"tongyong.png","frames":{
"tongyongup":{"x":482,"y":361,"w":13,"h":14,"offX":0,"offY":0,"sourceW":13,"sourceH":14},
"tongyongxiangxi":{"x":264,"y":444,"w":60,"h":60,"offX":0,"offY":0,"sourceW":60,"sourceH":60},
"touxiangkuang":{"x":159,"y":200,"w":90,"h":90,"offX":0,"offY":0,"sourceW":90,"sourceH":90},
"touxiangkuangbg":{"x":231,"y":1,"w":196,"h":51,"offX":1,"offY":0,"sourceW":197,"sourceH":51},
"touxianglock":{"x":159,"y":292,"w":74,"h":74,"offX":1,"offY":1,"sourceW":76,"sourceH":76},
"ttgr1":{"x":495,"y":229,"w":11,"h":18,"offX":0,"offY":0,"sourceW":11,"sourceH":18},
"ttgr2":{"x":235,"y":312,"w":11,"h":12,"offX":0,"offY":0,"sourceW":11,"sourceH":12},
"tthd1":{"x":474,"y":207,"w":4,"h":6,"offX":0,"offY":0,"sourceW":4,"sourceH":6},
"tthd2":{"x":229,"y":508,"w":4,"h":3,"offX":0,"offY":0,"sourceW":4,"sourceH":3},
"tthd3":{"x":223,"y":508,"w":4,"h":3,"offX":0,"offY":0,"sourceW":4,"sourceH":3},
"tthdbg":{"x":358,"y":386,"w":8,"h":4,"offX":0,"offY":0,"sourceW":8,"sourceH":4},
"ttred1":{"x":235,"y":292,"w":11,"h":18,"offX":0,"offY":0,"sourceW":11,"sourceH":18},
"ttred2":{"x":496,"y":477,"w":11,"h":12,"offX":0,"offY":0,"sourceW":11,"sourceH":12},
"tuichu":{"x":429,"y":1,"w":71,"h":74,"offX":0,"offY":1,"sourceW":71,"sourceH":75},
"wupingkuangnb2":{"x":1,"y":1,"w":228,"h":91,"offX":0,"offY":0,"sourceW":228,"sourceH":91},
"wupingkuangnb3":{"x":353,"y":241,"w":44,"h":74,"offX":0,"offY":0,"sourceW":44,"sourceH":74},
"xiejiaotiao":{"x":358,"y":365,"w":44,"h":19,"offX":0,"offY":0,"sourceW":44,"sourceH":19},
"xuecaobbg":{"x":399,"y":253,"w":40,"h":59,"offX":0,"offY":0,"sourceW":40,"sourceH":59},
"xuecaorbg":{"x":441,"y":253,"w":40,"h":59,"offX":0,"offY":0,"sourceW":40,"sourceH":59},
"yeqian1":{"x":252,"y":143,"w":120,"h":53,"offX":0,"offY":0,"sourceW":120,"sourceH":53},
"yeqian2":{"x":1,"y":428,"w":120,"h":53,"offX":0,"offY":0,"sourceW":120,"sourceH":53},
"yugaobiankuang":{"x":480,"y":207,"w":4,"h":6,"offX":0,"offY":0,"sourceW":4,"sourceH":6},
"zhuakuang2":{"x":265,"y":340,"w":91,"h":50,"offX":0,"offY":0,"sourceW":91,"sourceH":50},
"zjmyindao":{"x":265,"y":392,"w":87,"h":50,"offX":0,"offY":0,"sourceW":87,"sourceH":50},
"zjmzidong":{"x":163,"y":418,"w":99,"h":47,"offX":0,"offY":0,"sourceW":99,"sourceH":47},
"zjmzidong2":{"x":251,"y":291,"w":98,"h":47,"offX":1,"offY":0,"sourceW":99,"sourceH":47},
"anwen1":{"x":57,"y":483,"w":52,"h":22,"offX":0,"offY":0,"sourceW":52,"sourceH":22},
"anwen2":{"x":1,"y":483,"w":54,"h":24,"offX":0,"offY":0,"sourceW":54,"sourceH":24},
"biaoti1":{"x":1,"y":143,"w":249,"h":55,"offX":0,"offY":0,"sourceW":249,"sourceH":55},
"biaoti2":{"x":123,"y":467,"w":98,"h":44,"offX":0,"offY":0,"sourceW":98,"sourceH":44},
"btn2":{"x":1,"y":324,"w":156,"h":60,"offX":0,"offY":0,"sourceW":156,"sourceH":60},
"btn2_1":{"x":1,"y":262,"w":156,"h":60,"offX":0,"offY":0,"sourceW":156,"sourceH":60},
"btn2_2":{"x":1,"y":200,"w":156,"h":60,"offX":0,"offY":0,"sourceW":156,"sourceH":60},
"btn40":{"x":251,"y":241,"w":100,"h":48,"offX":0,"offY":0,"sourceW":100,"sourceH":48},
"btn41":{"x":163,"y":368,"w":100,"h":48,"offX":0,"offY":0,"sourceW":100,"sourceH":48},
"btn42":{"x":403,"y":127,"w":100,"h":48,"offX":0,"offY":0,"sourceW":100,"sourceH":48},
"btn43":{"x":403,"y":77,"w":100,"h":48,"offX":0,"offY":0,"sourceW":100,"sourceH":48},
"btn50":{"x":406,"y":177,"w":66,"h":36,"offX":0,"offY":0,"sourceW":66,"sourceH":36},
"btn51":{"x":304,"y":54,"w":66,"h":36,"offX":0,"offY":0,"sourceW":66,"sourceH":36},
"btn52":{"x":399,"y":215,"w":66,"h":36,"offX":0,"offY":0,"sourceW":66,"sourceH":36},
"chatbg1":{"x":111,"y":483,"w":10,"h":10,"offX":0,"offY":0,"sourceW":10,"sourceH":10},
"chatbg2":{"x":111,"y":495,"w":10,"h":10,"offX":0,"offY":0,"sourceW":10,"sourceH":10},
"chatbg4":{"x":448,"y":413,"w":26,"h":28,"offX":0,"offY":0,"sourceW":26,"sourceH":28},
"chatbg5":{"x":474,"y":177,"w":26,"h":28,"offX":0,"offY":0,"sourceW":26,"sourceH":28},
"chatbtn1":{"x":387,"y":491,"w":77,"h":20,"offX":0,"offY":0,"sourceW":77,"sourceH":20},
"chatbtn2":{"x":467,"y":215,"w":40,"h":12,"offX":0,"offY":0,"sourceW":40,"sourceH":12},
"chatclose":{"x":326,"y":444,"w":59,"h":54,"offX":0,"offY":0,"sourceW":59,"sourceH":54},
"chatding":{"x":406,"y":430,"w":32,"h":11,"offX":0,"offY":0,"sourceW":32,"sourceH":11},
"chatfenge1":{"x":426,"y":54,"w":1,"h":5,"offX":0,"offY":0,"sourceW":1,"sourceH":5},
"fengexian":{"x":326,"y":500,"w":42,"h":11,"offX":0,"offY":0,"sourceW":42,"sourceH":11},
"gantanhao":{"x":477,"y":442,"w":22,"h":22,"offX":0,"offY":0,"sourceW":22,"sourceH":22},
"jiantouxia":{"x":467,"y":229,"w":26,"h":19,"offX":0,"offY":0,"sourceW":26,"sourceH":19},
"jiantouyou2":{"x":223,"y":467,"w":31,"h":39,"offX":0,"offY":0,"sourceW":31,"sourceH":39},
"jingyantiao2":{"x":477,"y":477,"w":17,"h":17,"offX":0,"offY":0,"sourceW":17,"sourceH":17},
"jingyantiao3":{"x":473,"y":314,"w":17,"h":17,"offX":0,"offY":0,"sourceW":17,"sourceH":17},
"jingyantiao5":{"x":482,"y":346,"w":18,"h":13,"offX":0,"offY":0,"sourceW":18,"sourceH":13},
"lt_01":{"x":439,"y":443,"w":36,"h":20,"offX":0,"offY":0,"sourceW":36,"sourceH":20},
"lt_02":{"x":439,"y":465,"w":36,"h":20,"offX":0,"offY":0,"sourceW":36,"sourceH":20},
"namediban":{"x":252,"y":198,"w":118,"h":41,"offX":0,"offY":0,"sourceW":118,"sourceH":41},
"pailietoubg2":{"x":406,"y":346,"w":40,"h":40,"offX":0,"offY":0,"sourceW":40,"sourceH":40},
"shitouban":{"x":387,"y":444,"w":50,"h":45,"offX":0,"offY":0,"sourceW":50,"sourceH":45},
"shuxingline":{"x":473,"y":333,"w":22,"h":11,"offX":0,"offY":0,"sourceW":22,"sourceH":11},
"shuzibg":{"x":372,"y":212,"w":25,"h":25,"offX":0,"offY":0,"sourceW":25,"sourceH":25},
"suowen":{"x":448,"y":346,"w":32,"h":46,"offX":0,"offY":0,"sourceW":32,"sourceH":46},
"szjinbi":{"x":476,"y":413,"w":26,"h":27,"offX":2,"offY":0,"sourceW":30,"sourceH":27},
"szyuanbao":{"x":374,"y":188,"w":30,"h":22,"offX":0,"offY":0,"sourceW":30,"sourceH":22},
"tiaozhan03":{"x":406,"y":314,"w":65,"h":30,"offX":0,"offY":0,"sourceW":65,"sourceH":30},
"tiaozhan04":{"x":448,"y":394,"w":48,"h":17,"offX":0,"offY":0,"sourceW":48,"sourceH":17},
"tiaozhan05":{"x":477,"y":466,"w":31,"h":9,"offX":0,"offY":0,"sourceW":31,"sourceH":9},
"tielian":{"x":374,"y":143,"w":22,"h":43,"offX":0,"offY":0,"sourceW":22,"sourceH":43},
"tielian1":{"x":402,"y":54,"w":22,"h":19,"offX":0,"offY":0,"sourceW":22,"sourceH":19},
"tongyongkuang3bg":{"x":354,"y":392,"w":50,"h":50,"offX":0,"offY":0,"sourceW":50,"sourceH":50},
"tongyongkuang3tou":{"x":1,"y":94,"w":400,"h":47,"offX":0,"offY":0,"sourceW":400,"sourceH":47},
"tongyongmianbanbg":{"x":358,"y":317,"w":46,"h":46,"offX":0,"offY":0,"sourceW":46,"sourceH":46},
"tongyongmianbanbg2":{"x":123,"y":428,"w":34,"h":34,"offX":0,"offY":0,"sourceW":34,"sourceH":34},
"tongyongtip2":{"x":406,"y":388,"w":40,"h":40,"offX":0,"offY":0,"sourceW":40,"sourceH":40},
"extreme_tag":{"x":372,"y":54,"w":28,"h":35,"offX":0,"offY":0,"sourceW":28,"sourceH":35},
"bantoumingkuang5":{"x":1,"y":386,"w":160,"h":40,"offX":0,"offY":0,"sourceW":160,"sourceH":40},
"tongyongranking_bg":{"x":231,"y":54,"w":71,"h":35,"offX":0,"offY":0,"sourceW":71,"sourceH":35}}}