{"file":"tongyonghd.png","frames":{
"point3":{"x":486,"y":109,"w":19,"h":19,"offX":0,"offY":0,"sourceW":19,"sourceH":19},
"quali1":{"x":113,"y":294,"w":28,"h":54,"offX":0,"offY":0,"sourceW":28,"sourceH":54},
"quali2":{"x":258,"y":274,"w":28,"h":54,"offX":0,"offY":0,"sourceW":28,"sourceH":54},
"quali3":{"x":31,"y":302,"w":28,"h":54,"offX":0,"offY":0,"sourceW":28,"sourceH":54},
"quali4":{"x":1,"y":302,"w":28,"h":54,"offX":0,"offY":0,"sourceW":28,"sourceH":54},
"quali5":{"x":83,"y":260,"w":28,"h":54,"offX":0,"offY":0,"sourceW":28,"sourceH":54},
"shoujihong":{"x":412,"y":261,"w":70,"h":5,"offX":0,"offY":0,"sourceW":70,"sourceH":5},
"shuxingbg":{"x":300,"y":1,"w":165,"h":44,"offX":0,"offY":0,"sourceW":165,"sourceH":44},
"shuxingbg2":{"x":1,"y":185,"w":195,"h":31,"offX":0,"offY":1,"sourceW":195,"sourceH":32},
"shuxingbg4":{"x":1,"y":218,"w":128,"h":40,"offX":0,"offY":0,"sourceW":128,"sourceH":40},
"teshuwenzibg":{"x":257,"y":67,"w":181,"h":41,"offX":0,"offY":0,"sourceW":181,"sourceH":41},
"teshuwenzibg2":{"x":198,"y":210,"w":137,"h":40,"offX":0,"offY":0,"sourceW":137,"sourceH":40},
"tongyongjiaocha":{"x":370,"y":132,"w":31,"h":30,"offX":0,"offY":0,"sourceW":31,"sourceH":30},
"tongyonglabbg":{"x":241,"y":138,"w":127,"h":70,"offX":0,"offY":0,"sourceW":127,"sourceH":70},
"tongyongline":{"x":288,"y":274,"w":220,"h":3,"offX":0,"offY":0,"sourceW":220,"sourceH":3},
"tongyongline2":{"x":337,"y":231,"w":147,"h":4,"offX":0,"offY":0,"sourceW":147,"sourceH":4},
"tongyongtip1":{"x":486,"y":231,"w":25,"h":25,"offX":0,"offY":0,"sourceW":25,"sourceH":25},
"tongyongtip3":{"x":61,"y":316,"w":30,"h":30,"offX":0,"offY":0,"sourceW":30,"sourceH":30},
"waifaguang":{"x":143,"y":294,"w":34,"h":34,"offX":0,"offY":0,"sourceW":34,"sourceH":34},
"weijihuohuawen":{"x":412,"y":132,"w":85,"h":31,"offX":2,"offY":0,"sourceW":87,"sourceH":31},
"xuanzhongkuang2":{"x":113,"y":260,"w":16,"h":16,"offX":0,"offY":0,"sourceW":16,"sourceH":16},
"xuanzhongyuan":{"x":440,"y":47,"w":60,"h":60,"offX":0,"offY":0,"sourceW":60,"sourceH":60},
"yeqian6":{"x":131,"y":252,"w":125,"h":40,"offX":0,"offY":0,"sourceW":125,"sourceH":40},
"zhandoulibg":{"x":1,"y":1,"w":297,"h":64,"offX":2,"offY":0,"sourceW":302,"sourceH":64},
"zjmgonggaobg":{"x":257,"y":110,"w":227,"h":20,"offX":0,"offY":0,"sourceW":227,"sourceH":20},
"zjmnamebg":{"x":258,"y":252,"w":152,"h":20,"offX":0,"offY":0,"sourceW":153,"sourceH":20},
"zjmqipao":{"x":412,"y":237,"w":22,"h":22,"offX":0,"offY":0,"sourceW":22,"sourceH":22},
"zjmrenwubg":{"x":1,"y":67,"w":254,"h":69,"offX":0,"offY":0,"sourceW":254,"sourceH":69},
"chunbantoubg":{"x":403,"y":159,"w":4,"h":4,"offX":0,"offY":0,"sourceW":4,"sourceH":4},
"bantoutiaobg":{"x":1,"y":138,"w":238,"h":45,"offX":0,"offY":0,"sourceW":238,"sourceH":45},
"bantoutiaobg2":{"x":370,"y":165,"w":92,"h":21,"offX":0,"offY":0,"sourceW":92,"sourceH":21},
"bantoutiaoboss":{"x":131,"y":218,"w":58,"h":24,"offX":0,"offY":0,"sourceW":58,"sourceH":24},
"chatbg3":{"x":179,"y":294,"w":10,"h":34,"offX":0,"offY":0,"sourceW":10,"sourceH":34},
"chatfenge2":{"x":198,"y":185,"w":27,"h":18,"offX":0,"offY":0,"sourceW":27,"sourceH":18},
"chatlight":{"x":496,"y":203,"w":10,"h":25,"offX":0,"offY":0,"sourceW":10,"sourceH":25},
"chatyeqian":{"x":1,"y":260,"w":80,"h":40,"offX":0,"offY":0,"sourceW":80,"sourceH":40},
"hongbaoline":{"x":61,"y":350,"w":347,"h":2,"offX":0,"offY":0,"sourceW":347,"sourceH":2},
"jinxian":{"x":337,"y":210,"w":157,"h":19,"offX":0,"offY":0,"sourceW":157,"sourceH":19},
"pailietouline":{"x":191,"y":218,"w":3,"h":31,"offX":0,"offY":0,"sourceW":3,"sourceH":31},
"pailietouline2":{"x":403,"y":132,"w":1,"h":25,"offX":0,"offY":0,"sourceW":1,"sourceH":25},
"point":{"x":467,"y":1,"w":36,"h":36,"offX":0,"offY":0,"sourceW":36,"sourceH":36},
"point2":{"x":464,"y":165,"w":36,"h":36,"offX":0,"offY":0,"sourceW":36,"sourceH":36}}}