{"file":"tongyong2.png","frames":{
"zjmhongdian2":{"x":471,"y":440,"w":20,"h":22,"offX":0,"offY":0,"sourceW":20,"sourceH":22},
"bantoumingkuang3":{"x":1,"y":1,"w":278,"h":90,"offX":0,"offY":0,"sourceW":278,"sourceH":90},
"bantoumingkuang4":{"x":1,"y":93,"w":212,"h":70,"offX":0,"offY":0,"sourceW":212,"sourceH":70},
"bossbgkuang":{"x":1,"y":267,"w":100,"h":54,"offX":0,"offY":0,"sourceW":100,"sourceH":54},
"bosswzbg":{"x":103,"y":285,"w":169,"h":30,"offX":0,"offY":0,"sourceW":169,"sourceH":30},
"btn-":{"x":126,"y":417,"w":50,"h":50,"offX":0,"offY":0,"sourceW":50,"sourceH":50},
"btn60":{"x":227,"y":211,"w":102,"h":46,"offX":0,"offY":0,"sourceW":102,"sourceH":46},
"btn62":{"x":227,"y":163,"w":102,"h":46,"offX":0,"offY":0,"sourceW":102,"sourceH":46},
"btn70":{"x":281,"y":53,"w":160,"h":50,"offX":0,"offY":0,"sourceW":160,"sourceH":50},
"btn72":{"x":281,"y":1,"w":160,"h":50,"offX":0,"offY":0,"sourceW":160,"sourceH":50},
"btn80":{"x":1,"y":471,"w":106,"h":40,"offX":0,"offY":0,"sourceW":106,"sourceH":40},
"btn81":{"x":330,"y":105,"w":105,"h":46,"offX":1,"offY":0,"sourceW":108,"sourceH":46},
"btnadd":{"x":74,"y":389,"w":50,"h":50,"offX":0,"offY":0,"sourceW":50,"sourceH":50},
"btnmax":{"x":178,"y":417,"w":50,"h":50,"offX":0,"offY":0,"sourceW":50,"sourceH":50},
"btnshousuo":{"x":332,"y":310,"w":47,"h":47,"offX":0,"offY":0,"sourceW":47,"sourceH":47},
"chatfind":{"x":463,"y":136,"w":31,"h":112,"offX":0,"offY":0,"sourceW":31,"sourceH":112},
"duoxuangou":{"x":386,"y":359,"w":39,"h":38,"offX":0,"offY":0,"sourceW":39,"sourceH":38},
"duoxuankuang":{"x":230,"y":468,"w":43,"h":43,"offX":0,"offY":0,"sourceW":43,"sourceH":43},
"fanhui":{"x":1,"y":323,"w":71,"h":74,"offX":0,"offY":1,"sourceW":71,"sourceH":75},
"guwu":{"x":443,"y":1,"w":66,"h":67,"offX":2,"offY":3,"sourceW":70,"sourceH":70},
"jiantouxuan":{"x":275,"y":469,"w":38,"h":42,"offX":0,"offY":0,"sourceW":39,"sourceH":42},
"jiantouyou":{"x":445,"y":258,"w":41,"h":62,"offX":0,"offY":0,"sourceW":41,"sourceH":62},
"jingyantiao1":{"x":331,"y":153,"w":122,"h":37,"offX":0,"offY":0,"sourceW":122,"sourceH":37},
"jingyantiao4":{"x":427,"y":349,"w":59,"h":21,"offX":0,"offY":0,"sourceW":59,"sourceH":21},
"jingyantiao6":{"x":424,"y":322,"w":58,"h":25,"offX":0,"offY":0,"sourceW":58,"sourceH":25},
"kejihuo":{"x":140,"y":383,"w":80,"h":32,"offX":0,"offY":0,"sourceW":80,"sourceH":32},
"manji":{"x":1,"y":399,"w":70,"h":70,"offX":0,"offY":0,"sourceW":70,"sourceH":70},
"paihang1":{"x":282,"y":417,"w":49,"h":50,"offX":0,"offY":0,"sourceW":49,"sourceH":50},
"paihang2":{"x":333,"y":460,"w":47,"h":49,"offX":1,"offY":0,"sourceW":49,"sourceH":50},
"paihang3":{"x":333,"y":409,"w":48,"h":49,"offX":0,"offY":0,"sourceW":49,"sourceH":50},
"paihangs1":{"x":414,"y":471,"w":21,"h":21,"offX":0,"offY":0,"sourceW":21,"sourceH":21},
"paihangs2":{"x":437,"y":471,"w":21,"h":20,"offX":0,"offY":1,"sourceW":21,"sourceH":21},
"paihangs3":{"x":460,"y":468,"w":19,"h":19,"offX":1,"offY":2,"sourceW":21,"sourceH":21},
"quality0":{"x":74,"y":323,"w":64,"h":64,"offX":0,"offY":0,"sourceW":64,"sourceH":64},
"quality1":{"x":443,"y":70,"w":64,"h":64,"offX":0,"offY":0,"sourceW":64,"sourceH":64},
"quality2":{"x":397,"y":192,"w":64,"h":64,"offX":0,"offY":0,"sourceW":64,"sourceH":64},
"quality3":{"x":331,"y":192,"w":64,"h":64,"offX":0,"offY":0,"sourceW":64,"sourceH":64},
"quality4":{"x":206,"y":317,"w":64,"h":64,"offX":0,"offY":0,"sourceW":64,"sourceH":64},
"quality5":{"x":140,"y":317,"w":64,"h":64,"offX":0,"offY":0,"sourceW":64,"sourceH":64},
"scitembg":{"x":215,"y":105,"w":113,"h":56,"offX":0,"offY":0,"sourceW":113,"sourceH":56},
"star1":{"x":465,"y":372,"w":35,"h":34,"offX":0,"offY":0,"sourceW":36,"sourceH":34},
"star2":{"x":427,"y":372,"w":36,"h":34,"offX":0,"offY":0,"sourceW":36,"sourceH":34},
"star3":{"x":414,"y":494,"w":17,"h":17,"offX":0,"offY":0,"sourceW":17,"sourceH":17},
"szbanggong":{"x":443,"y":440,"w":26,"h":26,"offX":0,"offY":0,"sourceW":26,"sourceH":26},
"szexp":{"x":96,"y":441,"w":23,"h":22,"offX":6,"offY":0,"sourceW":34,"sourceH":22},
"szheji1":{"x":73,"y":441,"w":21,"h":25,"offX":0,"offY":0,"sourceW":21,"sourceH":25},
"szjingmai":{"x":383,"y":431,"w":30,"h":30,"offX":0,"offY":0,"sourceW":30,"sourceH":30},
"szkey":{"x":386,"y":399,"w":30,"h":30,"offX":0,"offY":0,"sourceW":30,"sourceH":30},
"szzhanwen":{"x":415,"y":440,"w":26,"h":29,"offX":0,"offY":0,"sourceW":26,"sourceH":29},
"szzhanwen2":{"x":481,"y":408,"w":30,"h":29,"offX":0,"offY":0,"sourceW":30,"sourceH":29},
"tjweijihuo":{"x":272,"y":317,"w":56,"h":56,"offX":0,"offY":0,"sourceW":56,"sourceH":56},
"tjyijihuo":{"x":274,"y":259,"w":56,"h":56,"offX":0,"offY":0,"sourceW":56,"sourceH":56},
"tongyongadd":{"x":392,"y":258,"w":51,"h":53,"offX":0,"offY":0,"sourceW":51,"sourceH":53},
"tongyongadd2":{"x":230,"y":417,"w":50,"h":49,"offX":0,"offY":0,"sourceW":50,"sourceH":49},
"tongyongdian":{"x":496,"y":153,"w":15,"h":15,"offX":0,"offY":0,"sourceW":15,"sourceH":15},
"tongyongdian2":{"x":496,"y":136,"w":15,"h":15,"offX":0,"offY":0,"sourceW":15,"sourceH":15},
"tongyongzuobiao":{"x":450,"y":408,"w":29,"h":30,"offX":0,"offY":0,"sourceW":29,"sourceH":30},
"touxiangkuang0":{"x":418,"y":408,"w":30,"h":30,"offX":0,"offY":0,"sourceW":30,"sourceH":30},
"touxiangkuang1":{"x":382,"y":463,"w":30,"h":30,"offX":0,"offY":0,"sourceW":30,"sourceH":30},
"touxiangkuang3":{"x":332,"y":258,"w":58,"h":50,"offX":0,"offY":0,"sourceW":58,"sourceH":50},
"tuijian":{"x":227,"y":259,"w":36,"h":21,"offX":0,"offY":0,"sourceW":36,"sourceH":21},
"tuijian2":{"x":109,"y":469,"w":63,"h":36,"offX":0,"offY":0,"sourceW":63,"sourceH":36},
"weijihuo2":{"x":304,"y":375,"w":80,"h":32,"offX":0,"offY":0,"sourceW":80,"sourceH":32},
"wenhao":{"x":174,"y":469,"w":42,"h":42,"offX":0,"offY":0,"sourceW":42,"sourceH":42},
"wupingkuangNB":{"x":1,"y":165,"w":100,"h":100,"offX":0,"offY":0,"sourceW":100,"sourceH":100},
"yeqian4":{"x":103,"y":165,"w":122,"h":58,"offX":19,"offY":0,"sourceW":141,"sourceH":58},
"yeqian5":{"x":103,"y":225,"w":122,"h":58,"offX":19,"offY":0,"sourceW":141,"sourceH":58},
"yilingqu":{"x":222,"y":383,"w":80,"h":32,"offX":0,"offY":0,"sourceW":80,"sourceH":32},
"zhandouli2":{"x":381,"y":313,"w":41,"h":44,"offX":0,"offY":0,"sourceW":41,"sourceH":44},
"tongyongbg_dark":{"x":215,"y":93,"w":10,"h":10,"offX":0,"offY":0,"sourceW":10,"sourceH":10},
"tongyongbg_light":{"x":218,"y":469,"w":10,"h":10,"offX":0,"offY":0,"sourceW":10,"sourceH":10},
"line_light":{"x":218,"y":481,"w":10,"h":3,"offX":0,"offY":0,"sourceW":10,"sourceH":3},
"tongyongline3":{"x":496,"y":170,"w":1,"h":74,"offX":0,"offY":0,"sourceW":1,"sourceH":74},
"line_black":{"x":218,"y":486,"w":10,"h":3,"offX":0,"offY":0,"sourceW":10,"sourceH":3}}}