{"file":"zjm.png","frames":{
"btn6fuben":{"x":197,"y":1,"w":114,"h":54,"offX":1,"offY":4,"sourceW":115,"sourceH":60},
"round_process":{"x":1,"y":245,"w":78,"h":78,"offX":0,"offY":0,"sourceW":78,"sourceH":78},
"zjmkaifu":{"x":73,"y":325,"w":70,"h":72,"offX":0,"offY":0,"sourceW":70,"sourceH":72},
"zjmgodweapon":{"x":178,"y":185,"w":70,"h":72,"offX":0,"offY":0,"sourceW":70,"sourceH":72},
"zjmdianfengsaiji":{"x":1,"y":399,"w":70,"h":72,"offX":0,"offY":0,"sourceW":70,"sourceH":72},
"zjmpaihang":{"x":361,"y":149,"w":70,"h":70,"offX":0,"offY":1,"sourceW":70,"sourceH":72},
"zjmyueka":{"x":250,"y":259,"w":70,"h":72,"offX":0,"offY":0,"sourceW":70,"sourceH":72},
"zjmtejie":{"x":186,"y":111,"w":70,"h":72,"offX":0,"offY":0,"sourceW":70,"sourceH":72},
"btn_monster_bg":{"x":1,"y":127,"w":103,"h":116,"offX":1,"offY":0,"sourceW":104,"sourceH":116},
"tiaozhan01":{"x":1,"y":1,"w":111,"h":124,"offX":1,"offY":2,"sourceW":113,"sourceH":128},
"zjmjqpd":{"x":106,"y":232,"w":70,"h":72,"offX":0,"offY":0,"sourceW":70,"sourceH":72},
"zjmyzbq":{"x":106,"y":158,"w":70,"h":72,"offX":0,"offY":0,"sourceW":70,"sourceH":72},
"zjmlibao":{"x":429,"y":1,"w":70,"h":72,"offX":0,"offY":0,"sourceW":70,"sourceH":72},
"zjmmabi":{"x":1,"y":325,"w":70,"h":72,"offX":0,"offY":0,"sourceW":70,"sourceH":72},
"zjmshangcheng":{"x":313,"y":56,"w":70,"h":72,"offX":0,"offY":0,"sourceW":70,"sourceH":72},
"zjmxianshi":{"x":250,"y":185,"w":70,"h":72,"offX":0,"offY":0,"sourceW":70,"sourceH":72},
"zjmviplibao":{"x":217,"y":333,"w":70,"h":71,"offX":0,"offY":0,"sourceW":70,"sourceH":72},
"zjmshouchong2":{"x":178,"y":259,"w":70,"h":72,"offX":0,"offY":0,"sourceW":70,"sourceH":72},
"zjmfanhui":{"x":114,"y":1,"w":81,"h":81,"offX":0,"offY":0,"sourceW":81,"sourceH":81},
"zjmshouchong":{"x":73,"y":399,"w":70,"h":72,"offX":0,"offY":0,"sourceW":70,"sourceH":72},
"btn6jingji":{"x":197,"y":57,"w":114,"h":52,"offX":1,"offY":4,"sourceW":115,"sourceH":60},
"zjmxunbao":{"x":145,"y":406,"w":70,"h":71,"offX":0,"offY":1,"sourceW":70,"sourceH":72},
"zjmbaoxiang":{"x":217,"y":406,"w":70,"h":71,"offX":0,"offY":1,"sourceW":70,"sourceH":72},
"zjmhuodong":{"x":385,"y":75,"w":70,"h":72,"offX":0,"offY":0,"sourceW":70,"sourceH":72},
"zjmgocity":{"x":289,"y":407,"w":70,"h":70,"offX":0,"offY":0,"sourceW":70,"sourceH":70},
"btn6boss":{"x":313,"y":1,"w":114,"h":53,"offX":1,"offY":3,"sourceW":115,"sourceH":60},
"zjmfuli":{"x":145,"y":333,"w":70,"h":71,"offX":0,"offY":0,"sourceW":70,"sourceH":72},
"zjmhanghui":{"x":114,"y":84,"w":70,"h":72,"offX":0,"offY":0,"sourceW":70,"sourceH":72},
"zhezhao":{"x":322,"y":221,"w":64,"h":64,"offX":0,"offY":0,"sourceW":64,"sourceH":64},
"zjmauctionIcon":{"x":289,"y":333,"w":69,"h":72,"offX":1,"offY":0,"sourceW":70,"sourceH":72}}}