{"file":"zjm2.png","frames":{
"zjmjineng":{"x":403,"y":164,"w":73,"h":75,"offX":2,"offY":3,"sourceW":78,"sourceH":78},
"zjmjuese":{"x":327,"y":162,"w":74,"h":78,"offX":2,"offY":0,"sourceW":78,"sourceH":78},
"zjmliaotian":{"x":357,"y":308,"w":44,"h":32,"offX":0,"offY":0,"sourceW":44,"sourceH":32},
"zjmlilian":{"x":327,"y":83,"w":76,"h":77,"offX":2,"offY":1,"sourceW":78,"sourceH":78},
"zjmshejiao":{"x":403,"y":317,"w":44,"h":32,"offX":0,"offY":0,"sourceW":44,"sourceH":32},
"zjmtouxiangkuang":{"x":1,"y":133,"w":324,"h":96,"offX":1,"offY":0,"sourceW":325,"sourceH":96},
"zjmvip":{"x":170,"y":265,"w":93,"h":43,"offX":0,"offY":0,"sourceW":93,"sourceH":43},
"zjmvip2":{"x":304,"y":242,"w":93,"h":43,"offX":0,"offY":0,"sourceW":93,"sourceH":43},
"zjmvipzi":{"x":449,"y":317,"w":47,"h":21,"offX":0,"offY":2,"sourceW":48,"sourceH":24},
"zjmxuetiao":{"x":348,"y":351,"w":56,"h":7,"offX":0,"offY":0,"sourceW":56,"sourceH":7},
"zjmyoujian":{"x":449,"y":342,"w":44,"h":32,"offX":0,"offY":0,"sourceW":44,"sourceH":32},
"zjmyuanbao":{"x":310,"y":308,"w":45,"h":32,"offX":0,"offY":0,"sourceW":45,"sourceH":32},
"zjmzhandouli":{"x":1,"y":304,"w":69,"h":40,"offX":3,"offY":3,"sourceW":72,"sourceH":45},
"zy_20":{"x":265,"y":287,"w":113,"h":19,"offX":1,"offY":2,"sourceW":115,"sourceH":22},
"biaoti3":{"x":76,"y":231,"w":92,"h":52,"offX":0,"offY":0,"sourceW":92,"sourceH":52},
"btnjiantou":{"x":265,"y":308,"w":43,"h":45,"offX":0,"offY":0,"sourceW":43,"sourceH":45},
"zjmbeibao":{"x":1,"y":231,"w":73,"h":71,"offX":2,"offY":7,"sourceW":78,"sourceH":78},
"zjmdibukuang":{"x":1,"y":1,"w":323,"h":130,"offX":0,"offY":0,"sourceW":323,"sourceH":130},
"zjmdingtiao":{"x":76,"y":287,"w":68,"h":48,"offX":0,"offY":0,"sourceW":68,"sourceH":48},
"zjmdingtiaobg":{"x":170,"y":231,"w":132,"h":32,"offX":0,"offY":0,"sourceW":132,"sourceH":32},
"zjmduanzao":{"x":403,"y":241,"w":73,"h":74,"offX":2,"offY":4,"sourceW":78,"sourceH":78},
"zjmheji1":{"x":409,"y":82,"w":79,"h":80,"offX":1,"offY":1,"sourceW":81,"sourceH":81},
"zjmheji2":{"x":326,"y":1,"w":81,"h":80,"offX":0,"offY":1,"sourceW":81,"sourceH":81},
"zjmheji3":{"x":409,"y":1,"w":80,"h":79,"offX":0,"offY":1,"sourceW":81,"sourceH":81},
"zjmhongdian":{"x":478,"y":164,"w":24,"h":24,"offX":0,"offY":0,"sourceW":24,"sourceH":24},
"zjmjinbi":{"x":310,"y":342,"w":36,"h":31,"offX":8,"offY":1,"sourceW":45,"sourceH":32}}}