{"file":"zjmhead.png","frames":{
"yuanhead10":{"x":66,"y":51,"w":63,"h":63,"offX":0,"offY":0,"sourceW":63,"sourceH":63},
"yuanhead11":{"x":131,"y":51,"w":60,"h":63,"offX":3,"offY":0,"sourceW":63,"sourceH":63},
"yuanhead20":{"x":193,"y":51,"w":59,"h":63,"offX":0,"offY":0,"sourceW":63,"sourceH":63},
"yuanhead21":{"x":1,"y":51,"w":63,"h":63,"offX":0,"offY":0,"sourceW":63,"sourceH":63},
"yuanhead30":{"x":398,"y":1,"w":63,"h":63,"offX":0,"offY":0,"sourceW":63,"sourceH":63},
"yuanhead31":{"x":249,"y":175,"w":57,"h":63,"offX":6,"offY":0,"sourceW":63,"sourceH":63},
"head_11":{"x":378,"y":128,"w":60,"h":60,"offX":0,"offY":0,"sourceW":60,"sourceH":60},
"head_11b":{"x":316,"y":113,"w":60,"h":60,"offX":0,"offY":0,"sourceW":60,"sourceH":60},
"head_20":{"x":254,"y":113,"w":60,"h":60,"offX":0,"offY":0,"sourceW":60,"sourceH":60},
"head_20b":{"x":440,"y":66,"w":60,"h":60,"offX":0,"offY":0,"sourceW":60,"sourceH":60},
"head_21":{"x":378,"y":66,"w":60,"h":60,"offX":0,"offY":0,"sourceW":60,"sourceH":60},
"head_21b":{"x":316,"y":51,"w":60,"h":60,"offX":0,"offY":0,"sourceW":60,"sourceH":60},
"head_30":{"x":254,"y":51,"w":60,"h":60,"offX":0,"offY":0,"sourceW":60,"sourceH":60},
"head_30b":{"x":187,"y":116,"w":60,"h":60,"offX":0,"offY":0,"sourceW":60,"sourceH":60},
"head_31":{"x":125,"y":116,"w":60,"h":60,"offX":0,"offY":0,"sourceW":60,"sourceH":60},
"head_31b":{"x":63,"y":175,"w":60,"h":60,"offX":0,"offY":0,"sourceW":60,"sourceH":60},
"head_10":{"x":1,"y":175,"w":60,"h":60,"offX":0,"offY":0,"sourceW":60,"sourceH":60},
"head_10b":{"x":440,"y":128,"w":60,"h":60,"offX":0,"offY":0,"sourceW":60,"sourceH":60},
"op_3":{"x":266,"y":1,"w":130,"h":48,"offX":0,"offY":2,"sourceW":132,"sourceH":50},
"op_1":{"x":1,"y":1,"w":131,"h":48,"offX":0,"offY":2,"sourceW":132,"sourceH":50},
"op_2":{"x":134,"y":1,"w":130,"h":48,"offX":0,"offY":2,"sourceW":132,"sourceH":50}}}