{"file":"loginPic.png","frames":{
"login_edit_pwd":{"x":189,"y":256,"w":95,"h":30,"offX":0,"offY":0,"sourceW":95,"sourceH":30},
"login_fire":{"x":654,"y":264,"w":39,"h":41,"offX":0,"offY":0,"sourceW":39,"sourceH":41},
"login_forget_pwd":{"x":840,"y":108,"w":95,"h":30,"offX":0,"offY":0,"sourceW":95,"sourceH":30},
"login_group_black":{"x":1,"y":218,"w":186,"h":59,"offX":1,"offY":0,"sourceW":188,"sourceH":59},
"login_group_light":{"x":800,"y":185,"w":188,"h":60,"offX":0,"offY":0,"sourceW":188,"sourceH":60},
"login_history":{"x":286,"y":256,"w":101,"h":24,"offX":0,"offY":0,"sourceW":101,"sourceH":24},
"login_hot_room":{"x":549,"y":43,"w":289,"h":40,"offX":0,"offY":0,"sourceW":289,"sourceH":40},
"login_login":{"x":475,"y":264,"w":56,"h":33,"offX":0,"offY":0,"sourceW":56,"sourceH":33},
"login_maintain":{"x":695,"y":264,"w":39,"h":41,"offX":0,"offY":0,"sourceW":39,"sourceH":41},
"login_maintain_room":{"x":549,"y":1,"w":289,"h":40,"offX":0,"offY":0,"sourceW":289,"sourceH":40},
"login_message_check":{"x":389,"y":264,"w":84,"h":27,"offX":0,"offY":0,"sourceW":84,"sourceH":27},
"login_new":{"x":1,"y":279,"w":39,"h":40,"offX":0,"offY":0,"sourceW":39,"sourceH":40},
"login_new_room":{"x":509,"y":185,"w":289,"h":39,"offX":0,"offY":0,"sourceW":289,"sourceH":39},
"login_next":{"x":937,"y":108,"w":82,"h":34,"offX":0,"offY":0,"sourceW":82,"sourceH":34},
"login_password":{"x":189,"y":218,"w":283,"h":36,"offX":0,"offY":0,"sourceW":283,"sourceH":36},
"login_phone_login":{"x":901,"y":76,"w":96,"h":30,"offX":0,"offY":0,"sourceW":96,"sourceH":30},
"login_quick_register":{"x":901,"y":44,"w":96,"h":30,"offX":0,"offY":0,"sourceW":96,"sourceH":30},
"login_register":{"x":594,"y":264,"w":58,"h":31,"offX":0,"offY":0,"sourceW":58,"sourceH":31},
"login_room_black":{"x":999,"y":26,"w":24,"h":22,"offX":0,"offY":0,"sourceW":24,"sourceH":22},
"login_room_light":{"x":987,"y":1,"w":23,"h":23,"offX":0,"offY":0,"sourceW":23,"sourceH":23},
"login_select":{"x":759,"y":247,"w":238,"h":39,"offX":0,"offY":0,"sourceW":238,"sourceH":39},
"login_start":{"x":840,"y":1,"w":145,"h":41,"offX":0,"offY":0,"sourceW":145,"sourceH":41},
"login_account":{"x":474,"y":226,"w":283,"h":36,"offX":0,"offY":0,"sourceW":283,"sourceH":36},
"login_account_login":{"x":549,"y":126,"w":86,"h":21,"offX":0,"offY":0,"sourceW":86,"sourceH":21},
"login_block_bottom":{"x":1,"y":151,"w":506,"h":65,"offX":0,"offY":0,"sourceW":506,"sourceH":65},
"login_block_center":{"x":509,"y":151,"w":508,"h":32,"offX":0,"offY":0,"sourceW":508,"sourceH":32},
"login_block_top":{"x":1,"y":1,"w":546,"h":148,"offX":0,"offY":0,"sourceW":546,"sourceH":148},
"login_boom":{"x":42,"y":279,"w":39,"h":40,"offX":0,"offY":0,"sourceW":39,"sourceH":40},
"login_boom_room":{"x":549,"y":85,"w":289,"h":39,"offX":0,"offY":0,"sourceW":289,"sourceH":39},
"login_close":{"x":840,"y":44,"w":59,"h":59,"offX":0,"offY":0,"sourceW":59,"sourceH":59},
"login_confirm":{"x":533,"y":264,"w":59,"h":31,"offX":0,"offY":0,"sourceW":59,"sourceH":31}}}